Diagnostics/NewCompletedTrajs,Diagnostics/StepsInTrajWindow,Diagnostics/Iteration,Diagnostics/CumTime (s),Diagnostics/CumSteps,Diagnostics/CumCompletedTrajs,Diagnostics/CumUpdates,Diagnostics/StepsPerSecond,Diagnostics/UpdatesPerSecond,Diagnostics/ReplayRatio,Diagnostics/CumReplayRatio,Length/Average,Length/Std,Length/Median,Length/Min,Length/Max,Return/Average,Return/Std,Return/Median,Return/Min,Return/Max,NonzeroRewards/Average,NonzeroRewards/Std,NonzeroRewards/Median,NonzeroRewards/Min,NonzeroRewards/Max,DiscountedReturn/Average,DiscountedReturn/Std,DiscountedReturn/Median,DiscountedReturn/Min,DiscountedReturn/Max,GameScore/Average,GameScore/Std,GameScore/Median,GameScore/Min,GameScore/Max,loss/Average,loss/Std,loss/Median,loss/Min,loss/Max,grad_norm_model/Average,grad_norm_model/Std,grad_norm_model/Median,grad_norm_model/Min,grad_norm_model/Max,grad_norm_actor/Average,grad_norm_actor/Std,grad_norm_actor/Median,grad_norm_actor/Min,grad_norm_actor/Max,grad_norm_value/Average,grad_norm_value/Std,grad_norm_value/Median,grad_norm_value/Min,grad_norm_value/Max,model_loss/Average,model_loss/Std,model_loss/Median,model_loss/Min,model_loss/Max,actor_loss/Average,actor_loss/Std,actor_loss/Median,actor_loss/Min,actor_loss/Max,value_loss/Average,value_loss/Std,value_loss/Median,value_loss/Min,value_loss/Max,prior_entropy/Average,prior_entropy/Std,prior_entropy/Median,prior_entropy/Min,prior_entropy/Max,post_entropy/Average,post_entropy/Std,post_entropy/Median,post_entropy/Min,post_entropy/Max,divergence/Average,divergence/Std,divergence/Median,divergence/Min,divergence/Max,reward_loss/Average,reward_loss/Std,reward_loss/Median,reward_loss/Min,reward_loss/Max,image_loss/Average,image_loss/Std,image_loss/Median,image_loss/Min,image_loss/Max,pcont_loss/Average,pcont_loss/Std,pcont_loss/Median,pcont_loss/Min,pcont_loss/Max
3,871,999,5.900402069091797,1000,3,0,169.47997582034645,0.0,0.0,0.0,290.3333333333333,77.99287716765478,322.0,183,366,105.0,29.698484809834994,84.0,84.0,147.0,5.0,1.4142135623730951,4.0,4,7,34.7981010127083,2.147213703509754,35.62507202974657,31.854224381152232,36.915006627226106,105.0,29.698484809834994,84.0,84.0,147.0,nan,nan,nan,nan,nan,nan,nan,nan,nan,nan,nan,nan,nan,nan,nan,nan,nan,nan,nan,nan,nan,nan,nan,nan,nan,nan,nan,nan,nan,nan,nan,nan,nan,nan,nan,nan,nan,nan,nan,nan,nan,nan,nan,nan,nan,nan,nan,nan,nan,nan,nan,nan,nan,nan,nan,nan,nan,nan,nan,nan,nan,nan,nan,nan,nan
4,1803,1999,9.944082736968994,2000,7,0,247.29944872846943,0.0,0.0,0.0,257.57142857142856,76.9152727595337,263.0,121,366,87.0,30.59411708155671,84.0,42.0,147.0,4.142857142857143,1.4568627181693672,4.0,2,7,36.641992366026834,7.262012356945929,35.113323262990306,29.171676025318984,53.431341490227986,87.0,30.59411708155671,84.0,42.0,147.0,nan,nan,nan,nan,nan,nan,nan,nan,nan,nan,nan,nan,nan,nan,nan,nan,nan,nan,nan,nan,nan,nan,nan,nan,nan,nan,nan,nan,nan,nan,nan,nan,nan,nan,nan,nan,nan,nan,nan,nan,nan,nan,nan,nan,nan,nan,nan,nan,nan,nan,nan,nan,nan,nan,nan,nan,nan,nan,nan,nan,nan,nan,nan,nan,nan
5,2995,2999,14.106937408447266,3000,12,0,240.2197719875938,0.0,0.0,0.0,249.58333333333334,71.6350220833978,260.0,121,366,87.5,42.72294465506796,84.0,0.0,147.0,4.166666666666667,2.034425935955617,4.0,0,7,34.96676767355982,13.013903713088723,35.08021562301348,0.0,54.14152246541073,87.5,42.72294465506796,84.0,0.0,147.0,nan,nan,nan,nan,nan,nan,nan,nan,nan,nan,nan,nan,nan,nan,nan,nan,nan,nan,nan,nan,nan,nan,nan,nan,nan,nan,nan,nan,nan,nan,nan,nan,nan,nan,nan,nan,nan,nan,nan,nan,nan,nan,nan,nan,nan,nan,nan,nan,nan,nan,nan,nan,nan,nan,nan,nan,nan,nan,nan,nan,nan,nan,nan,nan,nan
2,3685,3999,17.904451847076416,4000,14,0,263.3301376889527,0.0,0.0,0.0,263.2142857142857,74.59814108314781,262.0,121,366,90.0,40.024992192379,84.0,0.0,147.0,4.285714285714286,1.9059520091609048,4.0,0,7,33.34498205656537,13.072113487404863,34.715205364281175,0.0,54.14152246541073,90.0,40.024992192379,84.0,0.0,147.0,nan,nan,nan,nan,nan,nan,nan,nan,nan,nan,nan,nan,nan,nan,nan,nan,nan,nan,nan,nan,nan,nan,nan,nan,nan,nan,nan,nan,nan,nan,nan,nan,nan,nan,nan,nan,nan,nan,nan,nan,nan,nan,nan,nan,nan,nan,nan,nan,nan,nan,nan,nan,nan,nan,nan,nan,nan,nan,nan,nan,nan,nan,nan,nan,nan
4,4971,4999,22.045746088027954,5000,18,0,241.47040558273196,0.0,0.0,0.0,276.1666666666667,73.92131702770935,278.0,121,395,86.33333333333333,37.6238694920599,84.0,0.0,147.0,4.111111111111111,1.7916128329552332,4.0,0,7,30.265859200649523,13.35003137061025,32.07766388342514,0.0,54.14152246541073,86.33333333333333,37.6238694920599,84.0,0.0,147.0,nan,nan,nan,nan,nan,nan,nan,nan,nan,nan,nan,nan,nan,nan,nan,nan,nan,nan,nan,nan,nan,nan,nan,nan,nan,nan,nan,nan,nan,nan,nan,nan,nan,nan,nan,nan,nan,nan,nan,nan,nan,nan,nan,nan,nan,nan,nan,nan,nan,nan,nan,nan,nan,nan,nan,nan,nan,nan,nan,nan,nan,nan,nan,nan,nan
3,5838,5999,147.07725381851196,6000,21,0,7.997984013402323,0.0,0.0,0.0,278.0,68.86148968694158,293.0,121,395,83.0,38.05259518088089,84.0,0.0,147.0,3.9523809523809526,1.8120283419467094,4.0,0,7,29.638672825496148,13.613059186462529,31.952313533014056,0.0,54.14152246541073,83.0,38.05259518088089,84.0,0.0,147.0,11516.6525,297.89622221449144,11401.10693359375,11331.3359375,12737.37890625,1290.2810635375977,997.7579980600419,1048.6973266601562,79.33892822265625,4984.08837890625,0.10270363975374494,0.0621962595127756,0.10487737134099007,0.0008836975903250277,0.20716969668865204,5.6185153808631005,4.015924453972416,4.2296507358551025,0.015381867066025734,19.63114356994629,11517.55830078125,297.3105223154526,11401.29345703125,11335.18359375,12737.177734375,-2.804812409249134,1.6373196015512728,-2.5549793243408203,-7.110970497131348,-0.0077783395536243916,1.8990348500013352,0.7330821583600856,1.9387643933296204,0.20938332378864288,3.707960844039917,30.398102912902832,6.424909618839702,28.43257713317871,16.681669235229492,39.011775970458984,26.675850591659547,8.056254118572966,24.545942306518555,11.459572792053223,39.94275665283203,4.082962050437927,1.1636313094391697,3.84110164642334,3.0,9.027106285095215,4.129228553771973,0.37004545207908834,4.059382915496826,3.2745485305786133,5.088332653045654,11512.352646484374,296.07858757880024,11396.5107421875,11330.568359375,12725.744140625,0.06681175163015723,0.1280362866354651,0.02671822067350149,0.014023695141077042,0.6692696809768677
4,6923,6999,267.4564456939697,7000,25,0,8.307083511862936,0.0,0.0,0.0,276.92,63.361136353446184,266.0,121,395,80.64,37.41537651821774,84.0,0.0,147.0,3.84,1.7816845961056071,4.0,0,7,28.614301119760654,13.567681846073556,31.952313533014056,0.0,54.14152246541073,80.64,37.41537651821774,84.0,0.0,147.0,11321.9068359375,15.534854090962762,11322.04736328125,11289.513671875,11366.3876953125,547.7722318649292,386.0571293068252,532.3669738769531,42.8092041015625,1739.3443603515625,0.035283779120072724,0.013163006278934119,0.03334682434797287,0.011017082259058952,0.0839242935180664,34.79324954509735,18.36628349834115,32.55371856689453,1.7296409606933594,78.79157257080078,11336.55201171875,10.932982676257934,11334.13671875,11319.322265625,11372.658203125,-17.591075801849364,8.107110100851486,-16.45845603942871,-37.3427734375,-6.898871898651123,2.9458902180194855,0.7878034775202959,2.7945927381515503,1.6120333671569824,4.5583696365356445,14.338551788330077,1.8181995281663361,14.17870569229126,10.669523239135742,18.627674102783203,9.934870400428771,1.6584245063044125,9.691253662109375,6.366819381713867,14.433812141418457,4.081780526638031,0.8376325168343882,4.02178955078125,3.0,7.125138759613037,4.050344650745392,0.3953992380777886,4.042657375335693,3.2724609375,4.998136520385742,11331.863759765625,10.945852851676504,11329.47265625,11314.8955078125,11367.7490234375,0.022969401935115458,0.0061239145972024666,0.023649100214242935,0.01159023866057396,0.03615350276231766
4,7869,7999,388.2429287433624,8000,29,0,8.279072084506959,0.0,0.0,0.0,271.3448275862069,65.3232154233557,265.0,121,395,76.03448275862068,38.37247824680375,84.0,0.0,147.0,3.6206896551724137,1.8272608688954168,4.0,0,7,26.602398484687697,14.146894676316206,30.19006830472263,0.0,54.14152246541073,76.03448275862068,38.37247824680375,84.0,0.0,147.0,11277.0805078125,15.615251439684428,11275.083984375,11251.177734375,11323.595703125,513.8402374076843,353.7438371485883,454.5170440673828,20.587560653686523,1586.805419921875,0.010515569988638163,0.0026282817521638335,0.0102061009965837,0.00532569270581007,0.016885334625840187,60.67698538303375,28.932308222403623,64.76717948913574,7.635557651519775,123.47627258300781,11330.001318359375,10.276701442782057,11327.22607421875,11317.1083984375,11364.19921875,-58.83236179351807,10.106199744069476,-57.70608329772949,-76.504150390625,-38.60226821899414,5.91155709028244,1.0581335715403228,5.749475955963135,3.7686567306518555,8.938888549804688,13.427326698303222,1.4111414999173189,13.88945484161377,9.385695457458496,15.77803897857666,9.349964618682861,1.314170460242305,9.556847095489502,5.257300853729248,11.050827980041504,3.7239043164253234,0.7175472458958235,3.574071764945984,3.0,5.727493762969971,3.9182275915145874,0.3904284290569361,3.875116229057312,2.928337335586548,4.904349327087402,11325.4740625,10.276650144811418,11323.2900390625,11312.8232421875,11359.6474609375,0.02366348896175623,0.005834108196595209,0.021770513616502285,0.012163436971604824,0.040241140872240067
4,8983,8999,510.931693315506,9000,33,0,8.150705596289374,0.0,0.0,0.0,272.2121212121212,61.5544880946253,266.0,121,395,75.72727272727273,36.534145694855006,84.0,0.0,147.0,3.606060606060606,1.739721223564524,4.0,0,7,26.43175868055361,13.425642503917357,29.490793058150988,0.0,54.14152246541073,75.72727272727273,36.534145694855006,84.0,0.0,147.0,11250.0342578125,7.816436816541698,11250.28759765625,11230.634765625,11274.9248046875,307.3840398025513,210.76134643167018,298.6253204345703,21.311147689819336,1023.6640014648438,0.0064820742909796536,0.001560175399784763,0.00678092404268682,0.003394820261746645,0.009432771243155003,58.92928736209869,42.145166870987715,54.936485290527344,6.520881175994873,197.05844116210938,11324.71037109375,5.414503438025731,11323.529296875,11314.9755859375,11346.0791015625,-80.54709075927734,4.271297064786067,-78.91307830810547,-90.61731719970703,-75.12763977050781,5.870945651531219,0.9183949646719333,5.7192933559417725,3.978346109390259,8.165651321411133,12.795516438484192,1.9487309356321798,13.158720970153809,6.65896463394165,15.790763854980469,9.324551439285278,1.6691196760784532,9.737996101379395,5.245076656341553,11.731476783752441,3.361056683063507,0.47191380528300625,3.1352906227111816,3.0,4.997982501983643,3.819685523509979,0.3620702532267582,3.7901499271392822,2.766252279281616,4.810745716094971,11320.3103515625,5.351281732698134,11319.09326171875,11310.7412109375,11341.6298828125,0.02442923203110695,0.005881171099989634,0.024679215624928474,0.011520430445671082,0.0426248237490654
3,9782,9999,631.7769460678101,10000,36,0,8.275045789756385,0.0,0.0,0.0,271.72222222222223,59.2370994446663,265.5,121,395,72.33333333333333,36.856327664173065,84.0,0.0,147.0,3.4444444444444446,1.7550632221034794,4.0,0,7,25.50967184670661,13.469774223370866,28.599417186016595,0.0,54.14152246541073,72.33333333333333,36.856327664173065,84.0,0.0,147.0,11234.636943359375,6.094411800900522,11234.419921875,11223.318359375,11252.7783203125,262.29670843124387,169.83405618556412,249.56446075439453,18.69924545288086,855.8178100585938,0.0033236018707975745,0.001267433252254217,0.0036362113896757364,0.0014901479007676244,0.007737732958048582,35.28419302940369,25.361299920808424,28.781999588012695,3.784505844116211,134.6038818359375,11322.6505078125,3.8442399676402212,11322.068359375,11316.0810546875,11337.4326171875,-92.11029067993164,3.73588093839185,-90.51720809936523,-100.08057403564453,-87.05329895019531,4.096711328029633,0.8675684906971934,4.048372507095337,2.775162935256958,7.213730812072754,8.412431297302247,1.3344068954283257,8.353238105773926,6.161902904510498,11.782095909118652,4.884733417034149,0.903833866065024,5.112677812576294,3.0333967208862305,6.435002326965332,3.2976689767837524,0.618050732029179,3.0126214027404785,3.0,7.201421737670898,3.7652418398857117,0.4175148208143227,3.785589098930359,2.9310338497161865,4.639850616455078,11318.3145703125,3.812140264030058,11317.9375,11311.685546875,11332.3916015625,0.024080914361402393,0.0057913204851546855,0.023742577992379665,0.009869697503745556,0.042370088398456573
4,10934,10999,756.0532176494598,11000,40,0,8.046588357319665,0.0,0.0,0.0,273.35,57.10365574987297,267.0,121,395,68.775,36.97058797206233,63.0,0.0,147.0,3.275,1.7605041891458255,3.0,0,7,24.556542561698798,13.2841403997894,26.670710450196083,0.0,54.14152246541073,68.775,36.97058797206233,63.0,0.0,147.0,11251.218818359375,8.96102064605159,11250.34765625,11231.6904296875,11281.7109375,185.91287462234496,122.72372762770694,170.1482925415039,26.784944534301758,547.9549560546875,0.005123162864474579,0.003764128818210215,0.004361927742138505,0.0014689831295982003,0.03026874177157879,41.16414824962616,26.636322957857608,38.17529296875,4.990766525268555,139.2684783935547,11318.325771484375,2.449742611560644,11318.11474609375,11313.8017578125,11327.8857421875,-73.7082070159912,5.092527384859124,-73.0806655883789,-88.76361846923828,-65.95697021484375,6.601263890266418,4.889970103350189,5.0787694454193115,2.391608953475952,24.58326530456543,6.772246763706208,1.0262290396821234,7.038507699966431,3.719135046005249,9.141668319702148,3.202949544787407,0.8146025869671244,3.513229250907898,0.9394144415855408,4.250287055969238,3.1114570713043213,0.2321500645803281,3.0,3.0,3.9857211112976074,3.6432142066955566,0.36564728692984944,3.6119786500930786,2.927072286605835,4.729269504547119,11314.174970703125,2.446262771405471,11313.962890625,11308.720703125,11323.4638671875,0.01964680345263332,0.005756243337092648,0.018941182643175125,0.0068734739907085896,0.03272935003042221
5,11964,11999,879.5291814804077,12000,45,0,8.09874220839539,0.0,0.0,0.0,265.8666666666667,62.01956680489365,265.0,121,395,64.4,37.14619765198048,63.0,0.0,147.0,3.066666666666667,1.7688665548562135,3.0,0,7,23.4662717592672,13.161244366620409,23.17202513616767,0.0,54.14152246541073,64.4,37.14619765198048,63.0,0.0,147.0,11213.269677734375,20.768728608468514,11215.0625,11168.6904296875,11249.296875,104.50984312057496,69.97191652998907,89.42499542236328,17.215940475463867,299.5061950683594,0.004502413640730083,0.0010216667167320746,0.00441976310685277,0.002629639580845833,0.009123800322413445,145.20941898345947,95.50134391003293,119.0905532836914,16.360679626464844,460.7287902832031,11314.0098828125,1.4147736759958363,11313.80810546875,11311.26171875,11318.333984375,-112.41120002746582,22.451042403280617,-110.82379150390625,-159.62588500976562,-75.11849975585938,11.671055126190186,4.639329530984943,11.044212341308594,3.9773168563842773,24.86348533630371,7.291560530662537,2.1442550001005825,8.157737731933594,3.0402472019195557,10.140218734741211,3.924358637928963,2.1034035530704815,4.663625717163086,0.2537685036659241,6.725441932678223,3.291917128562927,0.37362920345970096,3.112676501274109,3.0,4.52886962890625,3.502231364250183,0.40272439424520823,3.515180230140686,2.3338863849639893,4.307486057281494,11310.004912109374,1.3118648224063727,11309.7548828125,11307.3369140625,11314.2197265625,0.017353451023809613,0.005841423961281727,0.016396882943809032,0.007245875429362059,0.039274170994758606
4,12938,12999,1003.3747019767761,13000,49,0,8.074575454905723,0.0,0.0,0.0,264.0408163265306,63.40184738944786,265.0,121,395,62.57142857142857,37.34723987834459,63.0,0.0,147.0,2.979591836734694,1.7784399942068851,3.0,0,7,22.820548335175292,13.549932275536698,21.772616609181735,0.0,54.14152246541073,62.57142857142857,37.34723987834459,63.0,0.0,147.0,11121.889130859376,33.258170009665236,11119.37451171875,11045.2041015625,11186.4765625,60.20835405349732,55.23098342678525,40.50683784484863,14.658696174621582,331.7154541015625,0.002274629877647385,0.0009846297067202929,0.001924182171933353,0.0010656863451004028,0.004633958917111158,749.9179151153564,342.67521883045396,676.9637756347656,124.49024200439453,1617.9046630859375,11311.82013671875,1.198344474514319,11311.705078125,11309.44921875,11314.9873046875,-243.36286087036132,51.889084310991,-244.1284637451172,-357.8912658691406,-151.7462921142578,53.43184410095215,36.6496070060046,44.497737884521484,15.926050186157227,194.5845947265625,7.4891546750068665,1.579218946328884,8.032573223114014,3.4855828285217285,9.823286056518555,4.076447301656008,1.635370066197924,4.577033996582031,0.09993578493595123,6.482337951660156,3.412016670703888,0.5097612743744846,3.1688958406448364,3.0,5.387056350708008,3.439632954597473,0.3417033785021901,3.438150644302368,2.5809261798858643,4.302030563354492,11307.87583984375,1.1206657758826855,11307.9306640625,11304.98046875,11311.333984375,0.01634387800237164,0.004924752227462807,0.016516244038939476,0.0027449072804301977,0.02768145687878132
4,13863,13999,1126.9028384685516,14000,53,0,8.095321668408555,0.0,0.0,0.0,261.5660377358491,62.909191647440714,264.0,121,395,61.0188679245283,36.999995189208114,63.0,0.0,147.0,2.9056603773584904,1.761904532819434,3.0,0,7,22.48678628217305,13.619921425250833,21.772616609181735,0.0,54.14152246541073,61.0188679245283,36.999995189208114,63.0,0.0,147.0,11071.397265625,64.35239163306295,11056.9091796875,10962.5439453125,11277.46484375,121.46910131454467,72.48686606177517,101.62821578979492,18.319780349731445,291.7322998046875,0.0014574507367797196,0.00044951181917256207,0.0013847106019966304,0.0008098587859421968,0.0028999580536037683,1338.7114743804932,754.1508895430214,1334.55078125,112.2771987915039,3523.135498046875,11308.997060546875,1.2208910909580277,11308.90625,11306.0302734375,11312.2607421875,-422.65345581054686,44.01809339166939,-440.2290802001953,-483.4365539550781,-337.0462951660156,185.05365142822265,71.93375084686951,173.39830017089844,61.77730178833008,414.838134765625,2.632922757267952,1.4679434154605107,2.261300206184387,0.6079807281494141,6.031824111938477,-0.985749300904572,1.6658659919415766,-1.4643959403038025,-4.512941837310791,5.0416483879089355,3.6062045335769652,0.4412650774831075,3.5789417028427124,3.0,4.797796726226807,3.3002850937843324,0.37098260508606046,3.2704901695251465,2.3232100009918213,4.284800052642822,11305.18662109375,1.1411227083612523,11305.13134765625,11302.9541015625,11308.279296875,0.014952720538713039,0.004722428871570253,0.014238147996366024,0.004868410527706146,0.026384152472019196
5,14943,14999,1251.762785434723,15000,58,0,8.008973448234231,0.0,0.0,0.0,257.63793103448273,65.9086876895661,264.0,116,395,58.293103448275865,37.41243045349466,63.0,0.0,147.0,2.7758620689655173,1.7815443073092692,3.0,0,7,21.659407168503826,13.838803491674442,21.322283164204386,0.0,54.14152246541073,58.293103448275865,37.41243045349466,63.0,0.0,147.0,11052.57458984375,119.6619721084741,11032.5400390625,10821.2421875,11462.1806640625,101.99066080093384,95.9670449867588,65.97417831420898,20.581012725830078,545.2478637695312,0.000886276425444521,0.0003703009730555189,0.0008249336679000407,0.00031020736787468195,0.002060957020148635,1707.2032597351074,1147.4137997346359,1527.2264404296875,199.98056030273438,4944.94677734375,11306.886572265625,1.226904446505493,11306.7783203125,11303.99609375,11311.62109375,-595.3737191772461,61.49829719099566,-600.6184692382812,-712.0164794921875,-472.63397216796875,341.0617080688477,154.68947787678061,298.2779998779297,130.1409149169922,805.2369995117188,-1.5925443685427307,1.075845174198761,-1.7030207514762878,-4.024823188781738,4.213005542755127,-5.290418620109558,0.9268986017684016,-5.4110496044158936,-7.2210164070129395,-3.1952576637268066,3.6802105712890625,0.4679072859202249,3.6064743995666504,3.0,4.963143348693848,3.321802723407745,0.33761628000038085,3.3514684438705444,2.245748281478882,3.952561616897583,11303.058857421875,1.1716565377017811,11302.919921875,11300.716796875,11307.8505859375,0.013793611084111035,0.004696829997542075,0.013243626337498426,0.003455081954598427,0.028439056128263474
4,15789,15999,1375.685868024826,16000,62,0,8.0695216669817,0.0,0.0,0.0,254.66129032258064,68.5809960389167,264.0,116,395,57.24193548387097,37.93699593760728,63.0,0.0,147.0,2.725806451612903,1.806523616076537,3.0,0,7,21.008740288176124,14.078472787847438,19.850680106325775,0.0,54.14152246541073,57.24193548387097,37.93699593760728,63.0,0.0,147.0,11120.296044921875,167.36949374818104,11095.5263671875,10794.5048828125,11732.31640625,72.82895709037781,89.64858878189138,49.249502182006836,14.332317352294922,569.3696899414062,0.0007050986279500648,0.0002950796163363116,0.000638372846879065,0.000351970229530707,0.0026323827914893627,2537.512814025879,1945.4420121947844,2220.101806640625,349.4546203613281,10044.63671875,11304.97298828125,1.7209435754644165,11304.63232421875,11303.0400390625,11314.69140625,-792.8153790283203,82.56471216612842,-798.3981628417969,-935.6832275390625,-645.2498779296875,608.1384661865235,182.79869581651053,584.8144836425781,267.01715087890625,1253.2305908203125,-2.5913507518172265,1.7242560571209347,-3.101794958114624,-4.97739839553833,2.296935558319092,-6.245534048080445,1.6939524673861195,-6.810575723648071,-8.535853385925293,-0.8613229990005493,3.6880433416366576,0.411160708979775,3.627731204032898,3.0,4.846681594848633,3.254986162185669,0.38227423963481294,3.1855350732803345,2.231595993041992,4.270223617553711,11301.21486328125,1.732878443021311,11300.92626953125,11299.1953125,11311.2119140625,0.013432260798290373,0.0039768485769863604,0.01283920044079423,0.005228106398135424,0.026273131370544434
4,16902,16999,1497.8258528709412,17000,66,0,8.187327035122085,0.0,0.0,0.0,256.09090909090907,66.83827774487331,264.5,116,395,57.27272727272727,37.01864618390651,63.0,0.0,147.0,2.727272727272727,1.7627926754241197,3.0,0,7,21.15710249661546,13.982397144893223,20.622571150429167,0.0,54.14152246541073,57.27272727272727,37.01864618390651,63.0,0.0,147.0,11254.850048828124,245.29707250323136,11271.11279296875,10711.5263671875,11950.21875,64.9674731349945,34.97160319261643,59.015085220336914,15.558335304260254,155.86923217773438,0.0004965136984537821,0.00023658794473798255,0.00040245900163426995,0.0002128968626493588,0.0011667939834296703,7264.2493579101565,3148.609986038077,6938.56982421875,1270.9417724609375,16320.390625,11303.306845703126,0.524790173243626,11303.291015625,11301.9189453125,11304.7451171875,-1152.8319915771485,132.76696782406282,-1173.10888671875,-1394.2958984375,-914.2883911132812,1104.3752136230469,265.41043343177546,1072.7889404296875,657.2968139648438,1895.240478515625,-3.4152685952186586,0.5621707247195142,-3.417994737625122,-4.568940162658691,-2.1787967681884766,-6.977834806442261,0.5342978484190305,-7.031835317611694,-7.9982709884643555,-5.228201389312744,3.590823850631714,0.34004085295783015,3.598114848136902,3.0,4.592362403869629,3.173486764431,0.31854129047253166,3.1758915185928345,2.308924436569214,4.029470920562744,11299.65125,0.40763106783386727,11299.64501953125,11298.57421875,11300.83984375,0.01230044657830149,0.0044249478576710195,0.011800127569586039,0.00426119240000844,0.023715442046523094
3,17722,17999,1622.4134645462036,18000,69,0,8.026480213831368,0.0,0.0,0.0,256.84057971014494,65.61009625125327,264.0,116,395,56.608695652173914,36.514129642044985,63.0,0.0,147.0,2.6956521739130435,1.7387680781926182,3.0,0,7,21.15859343055377,13.791532045076133,20.89925687321851,0.0,54.14152246541073,56.608695652173914,36.514129642044985,63.0,0.0,147.0,12084.7639453125,826.1027652646874,11897.55615234375,10605.0224609375,15791.50390625,85.93773032188416,68.05392976414089,59.54282188415527,13.172647476196289,280.0404052734375,0.00016516096409759483,6.383714725409575e-05,0.00014665441995020956,9.184540977003053e-05,0.00041404220974072814,12711.565556640626,6072.262062326111,11739.38427734375,2661.83837890625,31547.06640625,11303.01802734375,0.8107143489916846,11302.8671875,11300.9296875,11306.1015625,-1676.4129663085937,178.59064333426804,-1673.5433349609375,-2015.4652099609375,-1348.4456787109375,2458.158848876953,929.7080814735375,2222.2034912109375,823.301025390625,6396.90576171875,-3.7780227315425874,0.72944583102267,-3.876301407814026,-5.241459846496582,-1.5060425996780396,-7.30067099571228,0.5817846262542596,-7.364959001541138,-8.49335765838623,-5.681368827819824,3.545437445640564,0.3469545199483732,3.49373722076416,3.0,4.455004692077637,3.2189849710464475,0.3391379732152172,3.17534863948822,2.326796531677246,4.077312469482422,11299.344072265625,0.7439931911726073,11299.1484375,11298.2333984375,11302.2333984375,0.010047313635004685,0.0043090963792179774,0.009343876037746668,0.0019177222857251763,0.02152552455663681
4,18875,18999,1743.0339365005493,19000,73,0,8.290466649628891,0.0,0.0,0.0,258.56164383561645,64.4162377005176,265.0,116,395,56.95890410958904,36.03591752992675,63.0,0.0,147.0,2.712328767123288,1.7159960728536547,3.0,0,7,21.195709923706644,13.492725933918253,20.89925687321851,0.0,54.14152246541073,56.95890410958904,36.03591752992675,63.0,0.0,147.0,13818.55583984375,1276.084031219316,13728.16748046875,11290.0810546875,17734.560546875,158.31235415458679,122.71874576383122,136.8532943725586,13.025688171386719,705.7550659179688,0.00031207880783767905,0.00021175383561429766,0.00022582185920327902,0.00010052399011328816,0.0010470978450030088,19178.72447265625,9840.17817840796,18478.791015625,3433.765625,55773.109375,11303.83224609375,1.9939651400925182,11303.36962890625,11301.4072265625,11314.8076171875,-2156.5440185546877,97.7357457926098,-2144.6328125,-2464.07470703125,-1912.47998046875,4671.267631835937,1296.477114620567,4579.88720703125,2128.8310546875,8414.86328125,-1.8798257120046764,2.5939293738596585,-1.7995734810829163,-5.661710739135742,4.825107574462891,-5.459660335481167,2.655458882400714,-6.1557228565216064,-9.414372444152832,1.7216283082962036,3.640398020744324,0.45346587927934917,3.566933274269104,3.0,5.375895977020264,3.1526750993728636,0.3528745493036698,3.201449751853943,2.222877264022827,4.109435558319092,11300.224794921874,1.916971162163218,11299.81005859375,11298.2705078125,11310.880859375,0.009073629322228953,0.004217928073544496,0.008103386498987675,0.0013735127868130803,0.021660706028342247
4,19907,19999,1867.7038643360138,20000,77,0,8.021180547403294,0.0,0.0,0.0,258.53246753246754,65.33402375596539,265.0,116,395,56.72727272727273,36.1463965489103,63.0,0.0,147.0,2.7012987012987013,1.7212569785195382,3.0,0,7,21.395329348248076,13.621508099105368,21.745309455190263,0.0,54.14152246541073,56.72727272727273,36.1463965489103,63.0,0.0,147.0,15567.65125,1914.07038857194,15225.70458984375,11688.935546875,22588.23828125,104.80931015014649,65.10253556961717,101.46669006347656,15.08929443359375,241.54605102539062,0.9032470518731134,2.9964838738030806,0.0007075067842379212,7.530817674705759e-05,24.75204086303711,25145.612270507812,9633.694824657548,23320.4384765625,5466.74951171875,49931.96875,11302.53333984375,0.6246003211190078,11302.4892578125,11301.0048828125,11303.6611328125,-2602.5141259765624,131.54521786880375,-2578.2830810546875,-2975.8623046875,-2375.0556640625,6867.632009277344,1936.236505687975,6506.558349609375,3030.261962890625,13882.72265625,-3.47005774974823,0.9482214596715398,-3.38988721370697,-5.554750919342041,-1.6802054643630981,-6.965528860092163,0.9313530831486839,-6.917670965194702,-9.312371253967285,-5.281692981719971,3.4445527052879332,0.33638964886814887,3.438339352607727,3.0,4.594724655151367,3.1667322516441345,0.3891522212337543,3.1629005670547485,2.1275229454040527,4.015131950378418,11298.937763671875,0.5477867653128566,11298.80419921875,11297.9423828125,11300.1484375,0.00843823378556408,0.004029096427323202,0.00752212991937995,0.001113099860958755,0.025650588795542717
4,20874,20999,1987.8479351997375,21000,81,0,8.323340409650957,0.0,0.0,0.0,257.7037037037037,64.22000081595372,264.0,116,395,56.25925925925926,35.36014977405915,63.0,0.0,147.0,2.6790123456790123,1.6838166559075787,3.0,0,7,21.225440048313974,13.404624701565817,21.745309455190263,0.0,54.14152246541073,56.25925925925926,35.36014977405915,63.0,0.0,147.0,19642.7590234375,4449.617528899675,18432.4169921875,12394.525390625,38249.1640625,42.26573523521424,17.838716019307125,42.07877159118652,9.483365058898926,94.88128662109375,5.058650742173195,3.372868870541916,4.141949892044067,0.61708664894104,19.446760177612305,71655.970546875,22933.585447111927,67217.6171875,21643.65234375,136519.671875,11301.844638671875,0.44193602177023794,11301.80126953125,11300.8251953125,11303.2607421875,-3436.47498046875,309.711209646689,-3390.3648681640625,-4097.21044921875,-2880.733642578125,11777.389272460938,4610.6198016181315,10477.45458984375,4215.85107421875,30821.955078125,-4.667527985572815,0.4336289298422609,-4.645684242248535,-5.881446838378906,-3.76728892326355,-8.165815076828004,0.32890051553644345,-8.195342063903809,-8.961836814880371,-7.423447608947754,3.5682497596740723,0.3066126067777861,3.5681424140930176,3.0,4.456094264984131,3.128987374305725,0.36729667869732646,3.08664333820343,2.1589553356170654,4.392919540405273,11298.2734375,0.24430986321705622,11298.2744140625,11297.828125,11298.9248046875,0.008543492204044014,0.003992571451636388,0.008236254565417767,0.000996872317045927,0.020699327811598778
4,21781,21999,2112.261023759842,22000,85,0,8.037739530249638,0.0,0.0,0.0,256.2470588235294,64.25993278815125,263.0,116,395,55.09411764705882,35.28359843240341,42.0,0.0,147.0,2.623529411764706,1.680171353923972,2.0,0,7,20.682840321619786,13.384680435386416,20.345885427639825,0.0,54.14152246541073,55.09411764705882,35.28359843240341,42.0,0.0,147.0,30028.3687890625,6502.199754472677,28892.001953125,20421.076171875,55486.54296875,27.929225854873657,17.47457652978836,24.64968967437744,6.566108226776123,78.14043426513672,5.186648689806462,3.9746980086715347,3.908713698387146,0.26685550808906555,19.133054733276367,125424.7153515625,31985.74338013015,124976.39453125,51977.56640625,213956.0625,11301.4066796875,0.48103118122888155,11301.4404296875,11300.1181640625,11302.650390625,-4454.90447265625,319.6188386787049,-4382.29541015625,-5181.5419921875,-3855.391845703125,23181.866591796876,6682.768083719,22082.3603515625,13177.8896484375,48732.40234375,-4.639430286884308,0.4148113920067777,-4.64467453956604,-5.453944206237793,-3.7324154376983643,-8.115548963546752,0.3813107565028812,-8.143163681030273,-8.920005798339844,-7.241302967071533,3.5444681453704834,0.2933417508260212,3.527804374694824,3.017463207244873,4.789384841918945,3.136088664531708,0.38494978104525035,3.160414218902588,2.073298692703247,4.064825534820557,11297.845048828125,0.234976038218442,11297.8369140625,11297.314453125,11298.59375,0.007100559381651692,0.004203426196845169,0.006215943256393075,0.0003895301488228142,0.025458598509430885
4,22870,22999,2236.2347824573517,23000,89,0,8.066223130654235,0.0,0.0,0.0,256.96629213483146,62.9453926771884,264.0,116,395,54.03370786516854,35.18025794636935,42.0,0.0,147.0,2.5730337078651684,1.6752503783985409,2.0,0,7,20.445623895298652,13.272741552222968,20.345885427639825,0.0,54.14152246541073,54.03370786516854,35.18025794636935,42.0,0.0,147.0,39546.5291796875,8710.455353024136,37774.875,24191.544921875,66443.78125,44.63162497043609,28.85602685112135,32.45766639709473,7.285797595977783,112.62902069091797,5.735724619030952,4.360589944331754,4.174072265625,0.5986325740814209,20.29658317565918,182295.124609375,39997.642504481504,186212.890625,100529.7265625,296942.28125,11301.154736328124,0.40261840630633017,11301.1435546875,11300.16015625,11302.142578125,-5702.452504882813,371.5451115360735,-5691.32861328125,-6462.18017578125,-4991.544921875,33947.82697265625,8836.767924738038,31666.41015625,18231.03125,61068.94921875,-5.002973837852478,0.5615481061716068,-5.039435625076294,-6.23442268371582,-3.2493364810943604,-8.517851901054382,0.5114223123870764,-8.576435565948486,-9.710390090942383,-7.387033462524414,3.5463073468208313,0.30748911651573996,3.521131157875061,3.0,4.402933120727539,3.0732699155807497,0.35768118174233704,3.0783497095108032,2.048734188079834,3.886300802230835,11297.63525390625,0.19475596979709364,11297.65380859375,11297.2431640625,11298.1015625,0.009158922153292224,0.0049190254152613475,0.008397870231419802,0.0008432100294157863,0.026771698147058487
4,23977,23999,2360.2957615852356,24000,93,0,8.060552214159015,0.0,0.0,0.0,257.81720430107526,61.80996652706212,264.0,116,395,53.96774193548387,34.48560603981613,42.0,0.0,147.0,2.5698924731182795,1.6421717161817204,2.0,0,7,20.17098771973169,13.145381764151825,18.802103339433042,0.0,54.14152246541073,53.96774193548387,34.48560603981613,42.0,0.0,147.0,63626.36076171875,12292.763662149191,63347.396484375,28616.369140625,98625.546875,54.176452827453616,36.127628397345326,45.63346862792969,9.123747825622559,164.72689819335938,14.639918311238288,11.987019092519432,11.410451412200928,0.4452139735221863,78.8962631225586,206994.805234375,52148.51584287969,206920.3359375,70498.7734375,315685.59375,11300.904560546875,0.45408326691554507,11300.88671875,11299.771484375,11302.275390625,-7027.536455078125,354.7710055333855,-7052.048095703125,-7708.439453125,-6314.18017578125,59352.99259765625,12440.559309734948,59697.20703125,24048.896484375,94401.9296875,-5.372662997245788,0.44945364418722084,-5.320791959762573,-6.537174224853516,-4.138448238372803,-8.872934985160828,0.3691817112766937,-8.90835428237915,-9.608357429504395,-7.5552496910095215,3.5333141350746153,0.24802612574130345,3.5328081846237183,3.0337178707122803,4.384467124938965,3.0035298585891725,0.38406693932666724,2.940545678138733,2.1264729499816895,4.029448509216309,11297.491044921875,0.23659274050328807,11297.48828125,11296.875,11298.1904296875,0.005663216421380639,0.0029300087708160473,0.005220560822635889,0.0006551421829499304,0.01490622479468584
3,24759,24999,2480.473748445511,25000,96,0,8.320991440492744,0.0,0.0,0.0,257.90625,60.840652206707155,264.0,116,395,53.59375,34.4091733544632,42.0,0.0,147.0,2.5520833333333335,1.6385320644982475,2.0,0,7,19.99159127356816,13.279718883964275,18.802103339433042,0.0,54.14152246541073,53.59375,34.4091733544632,42.0,0.0,147.0,93762.96109375,21504.92899612687,91657.13671875,53577.53515625,159957.796875,46.79880184650421,25.338587331374093,44.41695594787598,7.967874050140381,106.06446075439453,15.899341809749604,11.375539868394819,13.500964641571045,2.4500913619995117,58.17621612548828,281189.7746875,84196.88746170983,282578.78125,104533.53125,534232.375,11300.628935546874,0.4239472636184356,11300.626953125,11299.533203125,11301.6337890625,-8348.018793945312,464.30625215767964,-8361.5673828125,-9211.7900390625,-7452.6162109375,90810.35078125,21617.812388283575,88570.6328125,50529.7890625,157393.046875,-6.244235234260559,0.588012482405335,-6.2191221714019775,-7.7623372077941895,-4.462442874908447,-9.815306234359742,0.49842886102618733,-9.79267406463623,-11.07787799835205,-8.714319229125977,3.6234033513069153,0.28014717319582194,3.61925208568573,3.0,4.36926794052124,2.9987167859077455,0.3479276603570102,3.000545024871826,2.1808252334594727,3.8732542991638184,11297.20931640625,0.20083459381509944,11297.23193359375,11296.7666015625,11297.7529296875,0.005850938643561676,0.0030934589322624373,0.005564049351960421,0.0006142727215774357,0.014513049274682999
4,25861,25999,2604.837592601776,26000,100,0,8.040922237362519,0.0,0.0,0.0,258.61,59.78743931629786,264.0,116,395,54.18,34.01481441960252,42.0,0.0,147.0,2.58,1.6197530676001204,2.0,0,7,20.161358072230307,13.192265411378541,18.802103339433042,0.0,54.14152246541073,54.18,34.01481441960252,42.0,0.0,147.0,148040.99328125,32081.404394683363,147079.4296875,82829.2734375,229021.0625,75.16734900474549,57.465292186455585,63.950408935546875,9.944636344909668,323.80712890625,22.932956167459487,19.43327696839752,16.93950653076172,1.5725213289260864,96.56533813476562,347804.885625,144740.92205336294,335765.265625,51661.609375,942137.875,11300.791220703126,0.7078698720017075,11300.6767578125,11299.716796875,11303.7080078125,-9899.106728515624,636.4125712004299,-9756.44140625,-11393.236328125,-8883.1435546875,146639.30875,32209.064540490985,145409.609375,81281.8828125,227244.875,-6.328093409538269,0.5457663198652152,-6.318219900131226,-7.406815528869629,-4.8545403480529785,-9.998591041564941,0.43610182717602824,-10.058431625366211,-11.07623291015625,-9.102492332458496,3.7139705324172976,0.27556989726637904,3.7234268188476562,3.128924608230591,4.654276371002197,3.0211599361896515,0.3997668960995,3.0167293548583984,1.8149100542068481,4.0768561363220215,11297.34513671875,0.562696722259927,11297.20166015625,11296.6953125,11300.1103515625,0.005356377196148969,0.0025850723423826755,0.005036638351157308,0.0005558034754358232,0.013806983828544617
4,25836,26999,2729.307634830475,27000,104,0,8.034061707496011,0.0,0.0,0.0,258.36,59.04871209433784,264.0,116,395,52.29,32.7350866808078,42.0,0.0,147.0,2.49,1.558813651467038,2.0,0,7,19.498558244476282,12.793487622655334,18.70809282273588,0.0,54.14152246541073,52.29,32.7350866808078,42.0,0.0,147.0,183829.81375,41562.16174109533,179500.5703125,86901.4296875,322683.03125,109.82556111335754,84.45785440202003,82.33822250366211,10.721131324768066,405.1866149902344,22.003087723255156,16.243271176265512,17.45010471343994,2.604220390319824,77.91578674316406,483842.03203125,226419.18878825114,458417.421875,45476.0859375,1141886.5,11301.10326171875,1.062864062778225,11300.79833984375,11299.7080078125,11305.4033203125,-11848.24599609375,917.5222583120026,-11945.47998046875,-13547.3427734375,-9852.2275390625,184376.95625,41572.57243278625,180374.828125,87558.265625,323760.875,-5.691231393814087,1.2547962528934713,-5.9493842124938965,-7.914070129394531,-2.6452033519744873,-9.379501996040345,1.2764757772655353,-9.714366436004639,-11.068788528442383,-6.399562358856201,3.7270590114593505,0.27455228777613194,3.7300608158111572,3.0307507514953613,4.568318843841553,2.937358238697052,0.35540642278283596,2.8954426050186157,2.2756612300872803,3.995896816253662,11297.726728515625,0.9885436138030729,11297.34912109375,11296.6865234375,11301.98046875,0.006648845800664276,0.003960367301801368,0.0064049409702420235,0.0007084241951815784,0.021263832226395607
3,25974,27999,2856.2506268024445,28000,107,0,7.8775518401268725,0.0,0.0,0.0,259.74,57.39993379787123,264.0,116,395,52.08,32.5980612920462,42.0,0.0,147.0,2.48,1.5522886329545804,2.0,0,7,19.114509424987443,12.614513726257405,18.530552247260793,0.0,54.14152246541073,52.08,32.5980612920462,42.0,0.0,147.0,261066.93671875,60445.697906302696,256171.453125,135747.828125,421695.15625,22.28055109024048,14.573643940774835,17.07728862762451,6.91035795211792,80.91035461425781,22.097485535144806,21.8476978962029,14.979619026184082,2.546461582183838,125.73658752441406,323429.181328125,130141.54154624617,306352.25,113039.1640625,627730.25,11300.01310546875,0.4179880339264956,11299.951171875,11299.2158203125,11301.1806640625,-14145.756689453125,653.0327973077583,-14088.240234375,-15623.61328125,-12749.6171875,263912.6803125,60583.98346248949,258986.15625,138287.0,424657.5625,-6.375406942367554,0.4692170942529602,-6.325495481491089,-7.594801425933838,-5.12755823135376,-10.310017166137696,0.3237442452693813,-10.296741962432861,-11.069071769714355,-9.483538627624512,4.003983244895935,0.2746027692289725,3.9832122325897217,3.425152540206909,4.585271835327148,2.885695495605469,0.37811020803176465,2.870937466621399,2.203770637512207,3.884456157684326,11296.673681640625,0.16315149873962267,11296.66357421875,11296.26171875,11297.1953125,0.005333783450187184,0.00291918959917158,0.004984766012057662,0.000556249578949064,0.013734359294176102
4,26165,28999,3008.8937480449677,29000,111,0,6.551228721346539,0.0,0.0,0.0,261.65,55.71667165220837,265.0,116,395,50.82,29.873191995499912,42.0,0.0,105.0,2.42,1.4225329521666625,2.0,0,5,18.4587555953148,11.910659752668602,18.086712329499814,0.0,46.13036376957065,50.82,29.873191995499912,42.0,0.0,105.0,323004.52296875,55009.468092193434,315637.328125,214028.03125,485258.0625,44.471972427368165,25.85117295815087,37.55194282531738,11.504658699035645,107.79051208496094,21.01701670885086,18.554678075026533,17.294548988342285,1.6871373653411865,144.17877197265625,307581.4746875,160571.31912389788,258089.8046875,95125.703125,757488.5625,11299.9633203125,0.40587324589807566,11299.9775390625,11299.0419921875,11301.12109375,-14590.705029296874,409.65903309620705,-14564.9033203125,-15480.3427734375,-13674.671875,326295.26328125,54776.653785723516,319030.0625,217872.78125,488007.78125,-5.919276337623597,0.49358945166512724,-5.876161336898804,-7.2150421142578125,-4.866340637207031,-10.031394519805907,0.5059420612388358,-10.020238399505615,-11.096878051757812,-9.013283729553223,4.156872889995575,0.25247646050689904,4.1208062171936035,3.706232786178589,4.710160255432129,2.7681740629673004,0.3280096774338464,2.7521008253097534,1.9211431741714478,3.69079327583313,11296.720712890625,0.216897301090697,11296.720703125,11296.146484375,11297.3994140625,0.005872715614968911,0.003100761646041523,0.005521368933841586,0.0007276742835529149,0.015186437405645847
3,26164,29999,3138.5524694919586,30000,114,0,7.712554842744112,0.0,0.0,0.0,261.64,55.25984437184021,265.0,116,395,50.19,29.384245778988443,42.0,0.0,105.0,2.39,1.3992497989994495,2.0,0,5,18.645857668175694,12.061312375751116,18.530552247260793,0.0,46.13036376957065,50.19,29.384245778988443,42.0,0.0,105.0,357490.1846875,59751.68671612542,357387.84375,236635.640625,515173.5,43.272428560256955,24.605946096036746,35.89704704284668,9.905387878417969,111.76811981201172,30.89281012058258,34.69790809580346,18.250051498413086,2.1318445205688477,178.7008056640625,348674.9596875,220812.32542979185,279261.34375,84960.40625,998703.8125,11299.75392578125,0.37998487291844996,11299.75341796875,11298.9345703125,11301.12890625,-14682.083671875,472.38537005464207,-14690.94384765625,-15752.431640625,-13339.318359375,360872.51453125,59575.722408970694,360614.421875,240747.453125,518683.34375,-6.11966712474823,0.5733266206070323,-6.091592073440552,-7.51655387878418,-4.744589328765869,-10.344344530105591,0.5006735722126704,-10.310142040252686,-11.533288955688477,-9.070267677307129,4.278455216884613,0.23344972157666222,4.284204006195068,3.822554588317871,4.956096172332764,2.7064447593688965,0.3192893463016209,2.7398840188980103,2.011441707611084,3.863985061645508,11296.56677734375,0.18146406384371203,11296.56298828125,11296.2451171875,11297.31640625,0.005288797739485745,0.003012703570854485,0.004427972016856074,0.0003203996457159519,0.013119683600962162
5,25678,30999,3268.8299837112427,31000,119,0,7.675921712144374,0.0,0.0,0.0,256.78,55.137751132957895,264.5,115,334,48.3,28.56308806834443,42.0,0.0,105.0,2.3,1.3601470508735443,2.0,0,5,18.12972968671676,11.902158475167239,16.898944547455486,0.0,41.58796731291407,48.3,28.56308806834443,42.0,0.0,105.0,354833.50125,78044.24372844199,345024.921875,218589.625,599397.0,76.2209198474884,65.68349165303164,48.46119499206543,11.281387329101562,310.19976806640625,30.821977809667587,30.381625573309858,22.739423751831055,1.131971001625061,185.41969299316406,485800.1703125,296616.2227411433,448527.375,101715.7265625,1371229.375,11300.01966796875,0.7797129780308528,11299.90234375,11298.576171875,11302.6298828125,-14428.05056640625,613.4790392445362,-14407.734375,-15873.953125,-12899.89453125,357961.53234375,77772.57739817718,348040.625,222536.375,601913.0625,-6.287378044128418,0.6441774558395688,-6.306447505950928,-7.581758975982666,-4.630782127380371,-10.582161931991577,0.6475848376937227,-10.601793766021729,-12.044256210327148,-9.042801856994629,4.362900776863098,0.2895724348797006,4.334384202957153,3.7142412662506104,5.160398483276367,2.6527399790287016,0.31405867753552114,2.633273720741272,1.640618085861206,3.3102521896362305,11296.877080078126,0.6670956501329018,11296.64501953125,11296.1064453125,11299.19140625,0.005358781031100079,0.0034525579542086108,0.004920556442812085,0.0001974667247850448,0.01467575691640377
4,25583,31999,3399.1680130958557,32000,123,0,7.672357827730472,0.0,0.0,0.0,255.83,57.35574164806868,264.5,115,351,48.3,28.09608513654527,42.0,0.0,105.0,2.3,1.3379088160259653,2.0,0,5,18.04121689452755,11.917683248514964,16.898944547455486,0.0,41.58796731291407,48.3,28.09608513654527,42.0,0.0,105.0,449834.425,85557.31103518407,444579.296875,276585.75,697722.125,79.43593830108642,104.982214847047,45.597768783569336,10.574821472167969,700.8007202148438,27.305135226249696,21.37364212200575,22.042799949645996,1.0062062740325928,108.58887481689453,518357.53234375,340028.845900426,429531.578125,129402.203125,1622562.0,11299.80814453125,1.6468674511962682,11299.4521484375,11298.7734375,11312.1201171875,-15749.67611328125,711.8025432364678,-15755.59521484375,-17540.22265625,-14074.396484375,454284.294375,85549.13427104277,449581.296875,280676.15625,702172.75,-6.3507674074172975,0.5469666290405252,-6.2782301902771,-7.492542743682861,-4.8121137619018555,-10.808179063796997,0.6161797087502596,-10.78603744506836,-12.524168968200684,-8.006162643432617,4.549068021774292,0.20272913356900663,4.530777931213379,4.077066421508789,5.063302993774414,2.5675130116939546,0.2906621754245576,2.5715588331222534,1.9700714349746704,3.2365639209747314,11296.738232421874,1.668907977423744,11296.34814453125,11295.98828125,11309.2041015625,0.0047438883286667986,0.0026082654193986393,0.004582972265779972,0.0004775294801220298,0.011689858511090279
3,25554,32999,3531.3883504867554,33000,126,0,7.563133022748035,0.0,0.0,0.0,255.54,58.65601759410538,264.0,115,362,48.72,28.928214600973906,42.0,0.0,126.0,2.32,1.377534028617805,2.0,0,6,18.196330991728242,11.987224108312514,17.050862555229752,0.0,41.58796731291407,48.72,28.928214600973906,42.0,0.0,126.0,592078.97125,107631.27840875434,589891.53125,393608.5625,916895.625,53.853396725654605,80.61834978594145,22.747977256774902,7.2518229484558105,352.6286926269531,20.369251331686975,16.343926011152078,17.162602424621582,0.7170761227607727,82.18447875976562,720478.28078125,625572.6750944394,520601.40625,153188.796875,3516500.75,11299.64697265625,1.0616524715662328,11299.33056640625,11298.341796875,11303.896484375,-16774.46646484375,747.1205957328822,-16787.6484375,-18517.509765625,-15198.2841796875,597553.7903125,107291.95935299073,594233.0,400214.5,921769.6875,-5.603488664627076,0.7916585311865835,-5.744508981704712,-7.218088150024414,-2.8342039585113525,-10.451349086761475,0.7150631377464642,-10.604817867279053,-11.689672470092773,-7.840677261352539,4.860891652107239,0.27890188448048037,4.849000692367554,4.2224249839782715,5.745736598968506,2.5339125978946684,0.3527433501168762,2.508602499961853,1.830410122871399,3.378706216812134,11296.5765625,0.9990235234145858,11296.23828125,11295.7587890625,11300.3427734375,0.00504264926770702,0.002640251207706488,0.004878663923591375,0.0002986743929795921,0.012779127806425095
5,25466,33999,3663.711410999298,34000,131,0,7.557261720871483,0.0,0.0,0.0,254.66,60.99774094177587,264.0,115,362,48.3,29.174132377844586,42.0,0.0,126.0,2.3,1.3892443989449803,2.0,0,6,18.13729279575072,12.048006023356407,17.050862555229752,0.0,41.58796731291407,48.3,29.174132377844586,42.0,0.0,126.0,619886.87125,116295.54185748775,599317.21875,387219.09375,913866.3125,29.676007866859436,20.86564759067613,22.207064628601074,6.389387607574463,115.9701156616211,20.31838765501976,20.295022768640866,12.403903484344482,0.6815947890281677,94.05115509033203,452839.31015625,239304.9117591732,362201.71875,141022.6875,1197948.0,11298.952177734374,0.3550473833027166,11298.943359375,11298.0224609375,11299.7998046875,-16541.394287109375,783.3488995712689,-16620.9140625,-18523.083984375,-14383.8427734375,625129.3165625,115941.64992030378,603955.03125,393129.75,919281.3125,-5.674101190567017,0.5561138678794414,-5.6841630935668945,-6.952675819396973,-4.45005989074707,-10.443670482635499,0.4528514749812695,-10.457420825958252,-11.53895092010498,-9.414477348327637,4.842792682647705,0.2506059756576426,4.797255039215088,4.266356468200684,5.471499919891357,2.4522645127773286,0.32316379438936005,2.4378222227096558,1.6154967546463013,3.230102300643921,11295.974814453126,0.15007673811979164,11295.97705078125,11295.5361328125,11296.49609375,0.004086097855179105,0.0024215415038218,0.003417528816498816,0.00017789163393899798,0.010269185528159142
4,25428,34999,3796.5886735916138,35000,135,0,7.525742030584473,0.0,0.0,0.0,254.28,60.83125512431912,264.0,115,362,48.51,28.89999826989614,42.0,0.0,126.0,2.31,1.3761903938045783,2.0,0,6,18.027211602947883,12.00861790361418,17.050862555229752,0.0,41.58796731291407,48.51,28.89999826989614,42.0,0.0,126.0,582727.71125,131569.9121106451,555383.9375,383954.84375,1060726.25,36.568765478134154,23.286487504965912,28.548246383666992,7.781952857971191,98.95525360107422,7.922571710059056,13.769353094660254,1.9521235227584839,0.00010446516535012051,71.57305145263672,641645.39296875,371455.2873679397,561637.25,102146.9296875,1787255.5,11298.931396484375,0.3977981374205055,11298.87841796875,11298.0205078125,11299.9775390625,-14791.260908203125,860.8820322104301,-14774.3134765625,-17323.720703125,-12936.4052734375,586220.0415625,131555.49869429454,558522.15625,387925.96875,1063978.75,-5.408158659934998,0.6132900595144086,-5.362269639968872,-6.822657585144043,-3.9969100952148438,-10.31700400352478,0.5025672617230298,-10.353321075439453,-11.434223175048828,-9.036723136901855,4.977551531791687,0.23098899395580128,4.9748406410217285,4.485508441925049,5.758649826049805,2.4800441205501556,0.33648042070442,2.4903769493103027,1.787617564201355,3.3436670303344727,11295.902080078125,0.1403241040161605,11295.8818359375,11295.5380859375,11296.310546875,0.005150695378542878,0.003478056417066512,0.004223189316689968,0.0002221146714873612,0.019935525953769684
3,25532,35999,3928.163722038269,36000,138,0,7.600225208394523,0.0,0.0,0.0,255.32,61.615725265552136,264.5,115,362,49.14,30.17284209351184,42.0,0.0,126.0,2.34,1.436802004452945,2.0,0,6,17.98780084837876,12.199515278559756,17.050862555229752,0.0,41.58796731291407,49.14,30.17284209351184,42.0,0.0,126.0,447368.886875,80917.89276144958,437820.625,304441.4375,759601.75,34.506536169052126,25.657366958610144,25.247157096862793,8.841313362121582,117.26397705078125,11.440052337543456,14.831865271611186,5.718631267547607,0.0006842673174105585,73.33708953857422,563933.272734375,351163.76186846336,492519.984375,80895.5546875,1500133.0,11298.799140625,0.37295802484121054,11298.85595703125,11298.0029296875,11299.6572265625,-13326.75033203125,761.8237572530529,-13264.27783203125,-15066.763671875,-11723.8154296875,449396.8390625,80697.18354697764,439747.484375,306706.625,760026.375,-5.609580979347229,0.6486814859226188,-5.534861326217651,-7.209340572357178,-3.979856491088867,-10.611565074920655,0.5409546635486815,-10.53126049041748,-11.974054336547852,-9.568191528320312,5.071243171691894,0.2520819003209556,5.061132431030273,4.4225287437438965,5.924084186553955,2.4266688239574434,0.30440893498564786,2.4336899518966675,1.762805461883545,3.1066925525665283,11295.82052734375,0.1853905889910548,11295.79150390625,11295.4765625,11296.353515625,0.004482542626210489,0.0026737518776715433,0.0038143794517964125,0.00012562822666950524,0.012501170858740807
4,25484,36999,4059.9478793144226,37000,142,0,7.588165532708921,0.0,0.0,0.0,254.84,63.53640216442854,264.0,115,362,50.19,30.991190683805616,42.0,0.0,126.0,2.39,1.4757709849431244,2.0,0,6,18.56335206453791,12.520149784287948,18.530552247260793,0.0,41.58796731291407,50.19,30.991190683805616,42.0,0.0,126.0,370805.88859375,89388.58478627185,363525.96875,215652.9375,682427.875,67.53044722557068,50.54966678218413,51.26008415222168,11.670345306396484,284.6766357421875,25.557211085557938,26.128826381658655,17.39367389678955,0.028218992054462433,165.23245239257812,580868.987265625,312696.90448461135,589480.875,116245.4375,1698445.875,11298.881259765625,0.5503150054337387,11298.81591796875,11297.9306640625,11301.2001953125,-11312.814970703124,992.7275325953942,-11392.56103515625,-13393.9658203125,-9313.9794921875,370819.82171875,89632.17675613967,363101.703125,214931.421875,682636.4375,-5.65010546207428,0.6546572592562121,-5.693242311477661,-6.929117202758789,-4.200819969177246,-10.749879894256592,0.48014936034773054,-10.722854614257812,-11.982881546020508,-9.51994800567627,5.144801511764526,0.22796956374944538,5.152835130691528,4.615196704864502,5.854355335235596,2.3897325778007508,0.34018597464293865,2.3883817195892334,1.6104202270507812,3.335256576538086,11295.933798828126,0.42171992626499627,11295.8427734375,11295.4833984375,11298.2666015625,0.004325258320604917,0.002328054171067767,0.004008455900475383,0.00023691999376751482,0.01068353746086359
4,25423,37999,4188.61808013916,38000,146,0,7.771807252886051,0.0,0.0,0.0,254.23,63.48682619252596,264.0,115,362,49.98,31.539175639195136,42.0,0.0,126.0,2.38,1.5018655066283397,2.0,0,6,18.27682755860876,12.678669956883443,17.792550292175683,0.0,41.58796731291407,49.98,31.539175639195136,42.0,0.0,126.0,248041.6940625,43700.94000821876,241137.234375,171425.015625,359067.78125,43.07089999198914,23.89472613622846,37.051822662353516,10.672761917114258,98.0394058227539,16.32230288028717,14.551408028786366,11.671143054962158,0.5949816703796387,67.83607482910156,606364.222421875,186325.04095319536,593470.1875,109015.4140625,1070611.375,11298.491953125,0.3760376908505124,11298.498046875,11297.703125,11299.50390625,-8947.688486328125,726.4712429285015,-8859.04638671875,-10795.0322265625,-7364.41162109375,245690.8903125,43802.577676772824,238598.4765625,168799.296875,356414.125,-5.616943943500519,0.6025718706545207,-5.643083572387695,-7.035220146179199,-3.962892770767212,-10.82841495513916,0.5664197299095612,-10.85200834274292,-11.860604286193848,-9.067448616027832,5.271260285377503,0.21836519900180743,5.26391077041626,4.751292705535889,5.841709136962891,2.2928595781326293,0.3095541982841828,2.277712106704712,1.6464357376098633,3.3626959323883057,11295.63033203125,0.15380610861087576,11295.6025390625,11295.27734375,11295.98828125,0.004159370237030089,0.0025251627071964326,0.0037663488183170557,0.0001280709111597389,0.013343209400773048
3,25808,38999,4322.315158128738,39000,149,0,7.479595029578362,0.0,0.0,0.0,258.08,65.15361540237042,265.0,115,448,51.87,32.45909887843469,42.0,0.0,147.0,2.47,1.5456713751635565,2.0,0,7,19.011433001919812,12.730199560056496,19.42464463437927,0.0,41.58796731291407,51.87,32.45909887843469,42.0,0.0,147.0,166014.721015625,46931.42208471032,152764.453125,95281.65625,337624.53125,55.54037697792053,30.566110090961086,46.917232513427734,11.173672676086426,127.64923095703125,7.795280034024909,16.557651900396834,1.1737552881240845,0.0003230283909942955,116.0262451171875,435288.587734375,146190.3000309227,435507.046875,128324.8359375,786084.8125,11298.350283203124,0.38231903520093197,11298.35302734375,11297.509765625,11299.1806640625,-6879.401586914062,814.178739366043,-6714.1259765625,-8719.970703125,-5328.14453125,161595.7725,47385.65215523264,148222.8515625,90475.8359375,333834.15625,-5.824582967758179,0.54261257316214,-5.9018871784210205,-7.196812152862549,-4.525374889373779,-11.158856906890868,0.48987711230053826,-11.203278064727783,-12.173701286315918,-9.837533950805664,5.392867436408997,0.21535429707214698,5.3856141567230225,4.844505786895752,5.9621782302856445,2.1960706412792206,0.3196526056908227,2.169538140296936,1.5443302392959595,3.0362319946289062,11295.572646484376,0.1607923661403199,11295.56201171875,11295.25390625,11296.0361328125,0.00422247708112991,0.002228590120891734,0.004081276012584567,0.0001119760490837507,0.013007860630750656
5,25803,39999,4451.115608215332,40000,154,0,7.763948024464911,0.0,0.0,0.0,258.03,64.62885655804224,264.5,115,448,51.66,32.45434331487852,42.0,0.0,147.0,2.46,1.54544491975612,2.0,0,7,19.006549753688954,12.68560268776096,19.42464463437927,0.0,41.58796731291407,51.66,32.45434331487852,42.0,0.0,147.0,91929.428125,22268.272878004573,88554.98828125,57776.95703125,167692.65625,125.34923727035522,61.68064044993803,132.15150451660156,19.658706665039062,246.07501220703125,8.943101108372211,9.444278225295607,5.858991384506226,0.4297710955142975,53.72782897949219,340276.48234375,110536.83386133533,322923.046875,140762.078125,701665.4375,11298.95630859375,0.6867445748152714,11298.95703125,11297.6787109375,11301.2568359375,-4817.631096191406,581.9806752838807,-4843.90869140625,-6223.76416015625,-3738.394775390625,85448.10296875,22598.651737724074,82428.17578125,50750.08984375,161675.59375,-5.705908761024475,0.4716894119135064,-5.702306747436523,-6.960850715637207,-4.611194133758545,-11.205969543457032,0.5121051153635977,-11.247734546661377,-12.355437278747559,-9.91577434539795,5.51503369808197,0.22730459209586176,5.506891489028931,5.079668045043945,6.132011890411377,2.188317891359329,0.30251057572186096,2.177125096321106,1.4188793897628784,2.8417670726776123,11296.180419921875,0.6379317878294742,11296.12255859375,11295.328125,11298.513671875,0.003607953279351932,0.0019670100837334147,0.0033702952787280083,8.00233319750987e-05,0.009476429782807827
3,26232,40999,4583.247282505035,41000,157,0,7.568208042285642,0.0,0.0,0.0,262.32,62.23357293294352,265.0,115,448,52.92,31.914473205741626,52.5,0.0,147.0,2.52,1.5197368193210299,2.5,0,7,19.15487744863853,12.562422540262155,20.099790669016137,0.0,41.58796731291407,52.92,31.914473205741626,52.5,0.0,147.0,54143.8945703125,11257.167247181738,53517.337890625,35727.84765625,83815.7421875,26.06229947566986,23.118093918892257,18.78195285797119,7.503016948699951,126.09695434570312,8.783789506405592,8.172409055327991,6.063341379165649,0.13130232691764832,47.03731155395508,215724.6125,67299.27521805135,217912.296875,70398.390625,369194.25,11297.9213671875,0.33696666482476423,11297.89404296875,11297.2939453125,11298.7421875,-3465.482744140625,364.70326554517084,-3465.8212890625,-4237.1083984375,-2802.779052734375,46311.45583984375,11403.946208408583,45851.791015625,27841.666015625,75948.1953125,-5.896953010559082,0.584533881145675,-5.946394920349121,-7.2709832191467285,-4.237762451171875,-11.62862564086914,0.5271563537093621,-11.614727020263672,-12.962806701660156,-10.201864242553711,5.80940613746643,0.2638848092132656,5.777430295944214,5.172741889953613,6.6450114250183105,2.0531269907951355,0.2605161233349592,2.024021863937378,1.4708569049835205,2.7032248973846436,11295.2438671875,0.16828413795252892,11295.2080078125,11294.984375,11295.873046875,0.004340298626484582,0.003149494471909853,0.003550562192685902,0.00016777422570157796,0.016749998554587364
4,26259,41999,4715.498710870743,42000,161,0,7.561355006576991,0.0,0.0,0.0,262.59,60.38312595419353,265.0,115,448,52.92,31.21591901578424,52.5,0.0,147.0,2.52,1.4864723340849637,2.5,0,7,19.10576376738569,12.355225771674014,19.717284290723153,0.0,41.58796731291407,52.92,31.21591901578424,52.5,0.0,147.0,31907.0537890625,7382.870718949355,30788.91015625,20773.06640625,52051.62109375,18.718002223968504,6.012959358853489,17.93200397491455,8.791434288024902,42.7464599609375,6.471363098025322,6.0991464777628055,4.61816143989563,0.09749642014503479,32.93940734863281,174739.72546875,64371.57753824443,172939.2890625,47795.5625,378003.125,11297.685654296874,0.2899812486768722,11297.62060546875,11297.1142578125,11298.375,-2291.1994763183593,330.18823577584783,-2317.9217529296875,-2860.31494140625,-1634.751220703125,22900.5676171875,7635.7331437106905,22006.310546875,11390.890625,43200.61328125,-5.451828074455261,0.5790420691745347,-5.4032416343688965,-6.784829616546631,-3.780644416809082,-11.327102680206298,0.5240335711985874,-11.32117223739624,-12.716785430908203,-10.231461524963379,5.935815057754517,0.23045487258652186,5.925586938858032,5.336653709411621,6.562931060791016,1.9702306950092316,0.23784582410258928,1.8849741220474243,1.4066513776779175,2.5718564987182617,11295.074013671874,0.09916926506121736,11295.0771484375,11294.86328125,11295.3857421875,0.00477457884902833,0.0030332318164456016,0.004328860901296139,0.00030289593269117177,0.016212735325098038
5,25923,42999,4848.483714342117,43000,166,0,7.5196448764634845,0.0,0.0,0.0,259.23,63.27840943007338,264.0,115,448,51.45,31.761415270733764,42.0,0.0,147.0,2.45,1.5124483462254172,2.0,0,7,18.610200198196438,12.266697349355216,18.62456276395796,0.0,41.58796731291407,51.45,31.761415270733764,42.0,0.0,147.0,16840.272216796875,2846.13142396924,16302.5478515625,12771.994140625,23236.2578125,29.815736646652223,16.260415047196165,24.56887912750244,11.351066589355469,81.11405944824219,2.131801047027111,1.7887515723475929,1.522533357143402,0.28084397315979004,8.723161697387695,85328.086171875,35699.786227174816,75805.48046875,35474.671875,163508.796875,11297.5362109375,0.2992428979118529,11297.5009765625,11296.763671875,11298.279296875,-1259.1166094970704,282.24795071861087,-1241.4871826171875,-1861.437744140625,-762.6596069335938,6801.852587890625,3092.343570579961,6154.3681640625,2361.82177734375,13468.5859375,-5.296285247802734,0.5084924963895573,-5.274111270904541,-6.5969390869140625,-4.00961971282959,-11.276579790115356,0.41844196431282504,-11.284156322479248,-12.24195384979248,-10.35313606262207,6.051457901000976,0.2341739980036081,6.030523061752319,5.58698034286499,6.638421535491943,1.8351083719730377,0.2626289795826599,1.802147388458252,1.253498911857605,2.5404045581817627,11295.06052734375,0.1534275090525086,11295.0361328125,11294.8193359375,11295.7470703125,0.0035344767283822876,0.0021409466355899118,0.003196818521246314,6.0324877267703414e-05,0.013427642174065113
4,25852,43999,4980.570555686951,44000,170,0,7.570776845131329,0.0,0.0,0.0,258.52,62.98959914144557,264.0,115,448,51.87,32.04891729840495,42.0,0.0,147.0,2.47,1.5261389189716643,2.0,0,7,18.513697915247647,12.46659234377276,17.792550292175683,0.0,42.25564994360113,51.87,32.04891729840495,42.0,0.0,147.0,11767.410205078126,617.6432263144004,11472.55126953125,11251.416015625,13654.7548828125,32.31615893363953,20.92067666327402,25.847641944885254,10.30462646484375,117.79793548583984,1.0365912096539978,1.7152645357700256,0.324630931019783,0.0011704984353855252,8.971529960632324,19924.895336685182,16980.31454821358,17696.12890625,66.07328033447266,91362.8046875,11297.312353515625,0.28917598249470194,11297.24609375,11296.681640625,11297.970703125,-324.3614847230911,249.01918722647707,-320.9092102050781,-769.3489379882812,24.307079315185547,794.459373254776,841.4013266914054,523.1231231689453,15.167559623718262,3008.275634765625,-5.090912346839905,0.4468501408904521,-5.091935396194458,-6.108636379241943,-4.062339782714844,-11.103313159942626,0.4772779384515613,-11.075766563415527,-12.282265663146973,-10.05262279510498,6.061297039985657,0.23982163355271377,6.030678749084473,5.575561046600342,6.763545989990234,1.719327312707901,0.20381769658956705,1.6941619515419006,1.2338900566101074,2.332953453063965,11294.946162109374,0.17220359076279548,11294.92041015625,11294.615234375,11295.408203125,0.004080850010941503,0.00254401595860278,0.003441690234467387,0.00011895086208824068,0.013252153992652893
4,25810,44999,5112.529663801193,45000,174,0,7.57810517432611,0.0,0.0,0.0,258.1,63.38682828474698,264.5,115,448,52.08,31.914473205741622,42.0,0.0,147.0,2.48,1.5197368193210297,2.0,0,7,18.63575392799149,12.579045035425132,17.792550292175683,0.0,42.25564994360113,52.08,31.914473205741622,42.0,0.0,147.0,11306.45603515625,7.622663742838996,11306.9091796875,11288.5966796875,11326.306640625,22.54645670890808,8.251575486492928,20.62741184234619,9.862339973449707,45.28486633300781,0.02975680192117579,0.04998841643447491,0.014760421123355627,0.000605235283728689,0.3820202350616455,701.5286340332032,509.0276823047973,590.6817626953125,22.931373596191406,2042.638427734375,11297.079130859374,0.28680613021444085,11297.08740234375,11296.5234375,11297.8369140625,-0.818071163855493,6.5562531224647325,0.06393116898834705,-15.953845024108887,11.44178295135498,10.195009603500367,3.319114446173297,8.90781545639038,4.548948764801025,20.145898818969727,-5.175813431739807,0.5386865622789958,-5.152362108230591,-6.463430881500244,-3.9446966648101807,-11.166878814697265,0.4523927847388063,-11.127503871917725,-12.006218910217285,-9.95182991027832,6.069686188697815,0.2276295893056485,6.059521198272705,5.489389896392822,6.631216049194336,1.6838433289527892,0.24908236804373718,1.6826804876327515,1.2040239572525024,2.3913440704345703,11294.75685546875,0.0854791777838014,11294.74755859375,11294.5859375,11294.9580078125,0.003144123557140119,0.0021889948558230956,0.0028622732497751713,6.149617547634989e-05,0.011538402177393436
